fname,lname,phone,email,message
Rebbecca,Didio,1158665290,rebbecca.didio@didio.com.au,Waffles are always better without fire
Stevie,Hallo,1197622620,stevie.hallo@hotmail.com,ants and fleas. The bread dough reminded
Mariko,Stayer,1127885282,mariko_stayer@hotmail.com,her of Santa Clause’s belly. Sixty-Four
Gerardo,Woodka,1113795912,gerardo_woodka@hotmail.com,comes asking for bread. They wandered
Mayra,Bena,1153666885,mayra.bena@gmail.com,into a strange Tiki bar on the edge of the
Idella,Scotland,1151966921,idella@hotmail.com,small beach town. Jerry liked to look at
Sherill,Klar,1127991688,sklar@hotmail.com,paintings while eating garlic ice cream.
Ena,Desjardiws,1115961606,ena_desjardiws@desjardiws.com.au,As she walked along the street and looked
Vince,Siena,1111732965,vince_siena@yahoo.com,"in the gutter, she realized facemasks had"
Theron,Jarding,1113795912,tjarding@hotmail.com,become the new cigarette butts. He learned
Amira,Chudej,1178867289,amira.chudej@chudej.net.au,the important lesson that a picnic at the
Marica,Tarbor,1113795912,marica.tarbor@hotmail.com,beach on a windy day is a bad idea.
Shawna,Albrough,1113795912,shawna.albrough@albrough.com.au,You have no right to call yourself
Paulina,Maker,1120123282,paulina_maker@maker.net.au,creative until you look at a trowel and
Rose,Jebb,1113795912,rose@jebb.net.au,think that it would make a great lockpick.
Reita,Tabar,1131669863,rtabar@hotmail.com,8% of 25 is the same as 25% of 8 and
Maybelle,Bewley,1113795912,mbewley@yahoo.com,one of them is much easier to do in your
Camellia,Pylant,1113795912,camellia_pylant@gmail.com,head. He shaved the peach to prove a point
Roy,Nybo,1113795912,rnybo@nybo.net.au,. We're careful about orange ping pong balls
Albert,Sonier,1120575355,albert.sonier@gmail.com,because people might think they're fruit.
Hayley,Taghon,1191976291,htaghon@taghon.net.au,I am never at home on Sundays.
Norah,Daleo,1162327613,ndaleo@daleo.net.au,He had a vague sense that trees gave
Rosina,Sidhu,1113795912,rosina_sidhu@gmail.com,birth to dinosaurs. Before he moved to
Royal,Costeira,1113795912,royal_costeira@costeira.com.au,"the inner city, he had always believed"
Barrie,Nicley,1155270505,bnicley@nicley.com.au,that security complexes were psychological.
Linsey,Gedman,1133965131,lgedman@gedman.net.au,People who insist on picking their teeth
Laura,Bourbonnais,1113795912,laura.bourbonnais@yahoo.com,with their elbows are so annoying!
Fanny,Stoneking,1165778983,fstoneking@hotmail.com,He found a leprechaun in his walnut shell.
Kristian,Ellerbusch,1113795912,kristian@yahoo.com,"Although it wasn't a pot of gold,"
Gwen,Julye,1113795912,gjulye@hotmail.com,Nancy was still enthralled at what
Ben,Majorga,1113795912,ben.majorga@hotmail.com,she found at the end of the rainbow.
Trina,Oto,1160377727,trina@oto.com.au,He went back to the video to see
Emelda,Geffers,1113795912,emelda.geffers@gmail.com,what had been recorded and was
Zana,Ploszaj,1130656502,zana_ploszaj@ploszaj.net.au,shocked at what he saw. There have
Shaun,Rael,1198627281,shaun.rael@rael.com.au,been days when I wished to be separated
Oren,Lobosco,1113795912,olobosco@hotmail.com,"from my body, but today wasn’t one of"
Catherin,Aguele,1113795912,caguele@gmail.com,those days. She was sad to hear that fireflies
Pearlene,Boudrie,1162627260,pboudrie@boudrie.net.au,"are facing extinction due to artificial light,"
Kathryn,Bonalumi,1155699311,kathryn.bonalumi@yahoo.com,Waffles are always better without fire
Suzan,Landa,1171251939,suzan.landa@gmail.com,ants and fleas. The bread dough reminded
Sommer,Agar,1186599199,sagar@agar.net.au,her of Santa Clause’s belly. Sixty-Four
Keena,Rebich,1168708802,krebich@rebich.net.au,comes asking for bread. They wandered
Rupert,Hinkson,1113795912,rupert_hinkson@hinkson.net.au,into a strange Tiki bar on the edge of the
Aleta,Poarch,1119138629,apoarch@gmail.com,small beach town. Jerry liked to look at
Jamal,Korczynski,1113795912,jamal_korczynski@gmail.com,paintings while eating garlic ice cream.
Luz,Broccoli,1116525908,luz_broccoli@hotmail.com,As she walked along the street and looked
Janessa,Ruthers,1110358989,janessa@yahoo.com,"in the gutter, she realized facemasks had"
Lavonne,Esco,1113795912,lavonne.esco@yahoo.com,become the new cigarette butts. He learned
Honey,Lymaster,1111717109,honey_lymaster@lymaster.net.au,the important lesson that a picnic at the
Jean,Cecchinato,1113795912,jean.cecchinato@gmail.com,beach on a windy day is a bad idea.
Katlyn,Flitcroft,1165519356,kflitcroft@hotmail.com,You have no right to call yourself
Cassie,Soros,1123281356,csoros@gmail.com,creative until you look at a trowel and
Rolf,Gene,1182882653,rolf_gene@gene.com.au,think that it would make a great lockpick.
Darnell,Moothart,1119656117,darnell_moothart@yahoo.com,8% of 25 is the same as 25% of 8 and
Cherilyn,Fraize,1113795912,cherilyn_fraize@fraize.net.au,one of them is much easier to do in your
Lynda,Lazzaro,1172315303,lynda.lazzaro@gmail.com,head. He shaved the peach to prove a point
Leigha,Capelli,1113795912,leigha.capelli@capelli.com.au,. We're careful about orange ping pong balls
Delfina,Binnie,1160951322,delfina_binnie@binnie.net.au,because people might think they're fruit.
Carlota,Gephardt,1113795912,carlota.gephardt@gephardt.com.au,I am never at home on Sundays.
Alida,Helger,1112699567,alida@helger.com.au,He had a vague sense that trees gave
Donte,Resureccion,1113795912,donte.resureccion@yahoo.com,birth to dinosaurs. Before he moved to
Lou,Kriner,1196387592,lou.kriner@hotmail.com,"the inner city, he had always believed"
Dortha,Vrieze,1130222319,dortha@vrieze.net.au,that security complexes were psychological.
Genevive,Sanborn,1113795912,genevive@hotmail.com,People who insist on picking their teeth
Alease,Strawbridge,1197868525,alease_strawbridge@strawbridge.com.au,with their elbows are so annoying!
Veda,Mishkin,1113795912,veda.mishkin@mishkin.com.au,He found a leprechaun in his walnut shell.
Craig,Vandersloot,1113795912,craig_vandersloot@yahoo.com,"Although it wasn't a pot of gold,"
Lauran,Tovmasyan,1113795912,ltovmasyan@tovmasyan.net.au,Nancy was still enthralled at what
Aaron,Kloska,1173600733,aaron_kloska@kloska.net.au,she found at the end of the rainbow.
Francene,Skursky,1113795912,francene.skursky@skursky.net.au,He went back to the video to see
Zena,Daria,1166820981,zdaria@gmail.com,what had been recorded and was
Brigette,Breckenstein,1162308800,brigette@breckenstein.com.au,shocked at what he saw. There have
Jeniffer,Jezek,1113795912,jeniffer@gmail.com,been days when I wished to be separated
Selma,Elm,1118581770,selm@elm.net.au,"from my body, but today wasn’t one of"
Elenora,Handler,1181367908,ehandler@yahoo.com,those days. She was sad to hear that fireflies
Nadine,Okojie,1113795912,nadine.okojie@okojie.com.au,"are facing extinction due to artificial light,"